Stump,Amount of say,Caracteristica,Valor,Prediction div 1 menor que valor,Prediction div 2 mayor que valor
0,0.005215304467631979,7,-0.0977746071376607,1,1
1,-0.00332346044158868,7,-0.0965331106773068,1,1
