Stump,Amount of say,Caracteristica,Valor,Prediction div 1 menor que valor,Prediction div 2 mayor que valor
0,0.8128000648228979,2,-0.0679262834497291,0,1
1,0.23061097970888275,1,0.0708444680623254,1,1
2,0.3374362025259963,1,0.0702365523913019,0,1
